post_id,sentence,after,third,treatments,sentiment,factual
post-79296,[18][19] Concomitant use of retigabine and digoxin may increase serum concentration of the latter.,"In vitro studies suggest that the main metabolite of retigabine acts as a P-glycoprotein inhibitor, and may thus increase absorption and reduce elimination of digoxin.",[,retigabine (retigabine),neu,no
post-10609,Thanks for posting this feedback on Neuromonics - it's interesting to get a longer-term perspective on this particular treatment.,"I'm based in the UK and my understanding is that neuromonics isn't available here but that there is a similar device-system - acoustic neuromodulation reset - which works on similar principles and claims to achieve the same results  through ""stimulating the auditory pathway to promote neural plastic changes"" rather than simple masking.",The neuromoulation device is similarly extremely expensive and also available only privately.,neuromonics (neuromonics),neu,no
post-100739,Have you tried melatonin or something like that for Sleeping.,if it's get to bad go see the doctor see if they can give you something short term to help with sleep.,"you are stronger than you think so don't give up,let us know how things progress Take care shaun",melatonin (melatonin),neu,no
post-136464,"Now, acceptance and not panicking are are both good things and would be part of TRT or CBT.","But they way they phrase it to ""completely ignore it"" or ""immediately forget it"" seems to show a lack of understanding of the lived experience.","(shakes head) If you go to Henry Ford, be sure to report back.",trt (tinnintus retraining therapy) | cbt (cognitive behavioural therapy),neu,no
post-101013,I have completely stopped masking at night now.,,,masking (masking),neu,no
post-96632,You can buy a good laser for 1500 Usd.,"coming out of china, plus 200 Usd for transport.","It´s up to you then, but as I said, sooner or later you will need to a power session.",laser (lllt),neu,no
post-8281,"As stated above, I have had 3 sessions of acupuncture but Im not confident about the results.",,,acupuncture (acupuncture),neg,yes
post-155524,I guess it all depends on your tinnitus level at the point I started taking trobalt.,My level justified any risk if you are even contemplating about side effects then trobalt is not for you and your tinnitus probably it is not that high or you have manage to cope with it.,"Trobalt is to be used as last line of defense a hail Mary before giving up and try to live a half life or ended all, that's how I see it.",trobalt (retigabine),neg,yes
post-18718,Not sure how it would be any more dangerous than a masking device.,"At night, usually start off sleeping with a cheap set of Skullcandy head phones that cover the ear but not tightly.","Keep music lower than my T. Again, audiologist said it was OK. Hope I'm not screwing things up here!",masking (masking),neg,no
post-147546,"I am surprised by the amount of ""blame"" Trobalt has been getting.",I am on day 7 of a very fast taper (already at 1000mg/day) with no real side-effects other than drowsiness and slight cognitive deficits (e.g.,many more typos than usual).,trobalt (retigabine),pos,yes
post-45088,I did TRT and had the noise generators.,I admit that I didn't use them for long.,"I just don't think it matters, in the end.",trt (tinnintus retraining therapy),neu,no
post-155823,"Anyways, I can keep everyone updated on my experiences with the AM-101 study.",Thanks for reading,,am101 (am101),neu,no
post-225186,"Would someone please DM me information about LLLT, such as science articles, associated doctors, best DIY lasers, claimed success stories, common methods of treatment (such as timg vs rest), etc?",There is a lot to dig through and I am sure there are some people who can grab the right links immediately.,,lllt (lllt),neu,no
post-74143,"If you haven't already tried it, I'd suggest giving melatonin (http://en.wikipedia.org/wiki/Melatonin) a shot first.","It's natural, cheap and super effective.",It's also a very potent antioxidant that has been shown to be beneficial for the body and brain in numerous studies.,melatonin (melatonin),pos,yes
post-82302,"The idea is that if you listen to masking sounds, keep them below your T level, so you can habituate while having something to distract your brain for now.","Eventually you will lose the masking, At least thats the idea behind TRT and habituation.",Its very hard not to use some masking at the beginning.,masking (masking),neu,no
post-101587,"By fighting, it doesn't mean by more emotional or negative reactions, but by emulating what others have learned to do - acceptance (not accepting T but the reality of T in my life), positivity (I was very negative person before, hence my years of living with anxiety and panic disorders), patience (letting the body to have enough time to heal), strategies (CBT, mindfulness meditation, abdominal breathing), finding joy amid the pain (willing to peacefully co-exist with T and yet living life abundantly to compensate for any suffering from T).",And you can add to that whatever you like to enjoy.,"Perhaps with your bad back, try some swimming and gentle leisure walk in the park for your bad back.",cbt (cognitive behavioural therapy),neu,no
post-191707,@jacob21  I have been using the neuromodulator since February.,My tinnitus frequency is 9.5 kHz.,Progress is extremely slow.,neuromodulator (neuromodulation),neg,yes
post-166876,"i have to really focus on my T for it to bother me...so id say its in between mild and severely mild most days, sometimes spikes to where i feel i need to mask it but i dont likeusing maskers since they seem to make it worse after i use them, i pray for everyone with T to find relieve from the contant noise no matter how severe or mild it is im praying for all you guys  it will get better",,,maskers (masking),neg,yes
post-146598,Trobalt makes a sedating effect on brain that erradicates any sing of stress and this indirectly also helps to lower the T level.,"-Taking trobalt together with Keppra seems to potentiate its level, but im not sure 100% as every time is different.",Other users also reported that its more powerfull mixed with Keppra      Also worth to mention: its very tricky to rate the T level.,trobalt (retigabine),pos,yes
post-166199,I took a couple oral prednisone  packs and it did nothing for me.,,,prednisone (steroids),neg,yes
post-191891,anyone try acupuncture,,,acupuncture (acupuncture),neu,no
post-178729,At the moment I am reading the LLLT thread to see if I can make my mind up.,,,lllt (lllt),neu,no
post-132859,I will keep posting to provide updates on MuteButton but my experience so far is that Neurmod are not out to sell this for the sake of it and are honest and diligent about who this device is sold to.,Last general note this forum has been a great help to a new T sufferer who was going mad at times with severe depression and anxiety.,,mutebutton (mutebutton),neu,no
post-248031,"I am on fluoxetine, 20 mg every day since october.",It has helped me.,"I do therapy, take walks every day and try to distract my mind.",fluoxetine (antidepressant),pos,yes
post-88202,"Not enough to perforate it though, so she prescribed me Medrol.",Hopefully this will help and I can go back to my usual tinnitus which I was already habituating to..,,medrol (steroids),neu,yes
post-9000,Although the study I read stated that it was an epidural of lidocaine that worked.,,,lidocaine (lidocaine),pos,no
post-78723,"So if before Trobalt i used to pee every 5 hours (yes big bladder), or 8h at night sleep, now im doing everey 7. well no big deal.","I tried to follow the advice of zimichael of ""timing pee"" for example every 4h but I cannot do that, if i dont feel the need to pee I cannot do it, even sitting or whatever, I really tried and waited for it (maybe before i could but not with trobalt).","So i can only wait for the feeling that ""i have to pee"", wich can be 6-8h after last time, and then no problem.",trobalt (retigabine),neu,no
post-104316,"Keppra seems quite safe, as I've had no side-effects and steroids can cause a heck of a lot of issues, so why not try keppra?",,,steroids (steroids),neg,yes
post-83529,Mirtazapine had the same effect on me as you.,It's also not unusual to get an increase in anxiety for the first couple of weeks starting an anti-depressant as your body adjusts to the increase of Seratonin.,This will pass.,mirtazapine (antidepressant),neu,no
post-14372,One of the members on this forum ( @Goofy ) found a hyperbaric chamber run by a non-profit organization in Ohio with affordable fees.,The name of the place is Sara's Garden (http://www.sarasgarden.org/).,"I'm not saying HBOT is the right thing for you, but in case you choose to look into it I wanted to make sure you were better informed.",hyperbaric (hyperbaric oxygen therapy),neu,yes
post-1892,Doctor's Best Extra Strength Ginkgo costs $6.72.,120 mg of Ginkgo per capsule.,120 capsules.,ginkgo (ginkgo),neu,no
post-32236,"Regarding your TRT question, TRT never involves masking.","It does, however, involve sound therapy, and in three of the five TRT categories that sound therapy is delivered via the temporary use of small wearable broadband sound generators.","So one essential component in TRT is sound applied in accordance with TRT category, and the other component is counseling applied in accordance with TRT category.",masking (masking) | trt (tinnintus retraining therapy),neu,no
post-179957,"I went out, drank a lot, basically half a bottle of vodka, combined with 3 red bulls (lots of caffeine) and I slept like a baby without masking or anything.",Today I went to a doctor and she told me I had a fungal infection in the ears and she told me that could cause the ringing.,So she gave me some meds and hopefully that will do it.,masking (masking),neu,no
post-64893,"The reason there is no cure for tinnitus has nothing to do with ""TRT and the such.""","Just out of curiosity, @RichL, how many letters have you written so far this year to various members of congress explaining the physical, psychological, social, and economic impact of tinnitus on you personally and on society as a whole, imploring  them to fund research towards a cure.","If it's ten, then I commend you.",trt (tinnintus retraining therapy),neu,no
post-124776,People it was the trobalt but he took it early onset.,Thats why we try to encorage people to act fast.,,trobalt (retigabine),neu,no
post-46680,"I'm really excited  about your improvements in heairing threshold, that's why I also ordered this home laser.",I give it a try...,"I really think almost everyone appriciate your inputs and thoughts, and we should keep this  board how it is, a great place to share.",laser (lllt),neu,no
post-19852,"Just wish my doctor hadn't tried the Zoloft on me, I was handling it all so much better before it caused mine to really spike.","Good luck, try to stay positive and keep posting.",,zoloft (antidepressant),neg,yes
post-111468,"While I am no fan of TRT in the first place, I at the same time have no doubt that the CHARITE TRT-clinic in Berlin is run according to the highest professional standards.",I have myself experienced on several occasions the difference in knowledge (and care) you get when seeing a professor within some field of medicine (as opposed to regular M.Ds).,"So why is it that @snow86 needs to head down to Frankfurt am Main to see an audiologist with TRT experience just to ""rule out that TRT does not work for Snow86"" (or whatever phrase @Dr. Nagler used yesterday) when he could have gone to a top quality clinic in Berlin?",trt (tinnintus retraining therapy),neu,no
post-69397,I'd be inclined to try out melatonin as its readily available in the pharmacies here.,Probably start off on a smaller dosage and see if it helps me to sleep better.,Any recommendations on the dosage?,melatonin (melatonin),neu,no
post-6187,Lexapro was prescribed.,"I've taken SSRI's in the past (paxil, effexor) but never stayed on them very long because of the sexual side effects.","I'm familiar with the ""dosing period"" required by SSRI's.",lexapro (antidepressant),neu,no
post-183383,"The prednisone is also making it almost impossible for me to sleep, but I'm willing to cope with that if it means I can keep the peace of my ears mostly intact.",,,prednisone (steroids),neu,yes
post-152157,"Sleep deprivation is one sure way to fire up T. Get some bed time masking such as a sound machine or a sound pillow etc., so you can fall asleep better.","Instead of sleep meds from the doctor, you can try natural alternatives such as Camomile tea, Hops, Valerian tablets, Melatonin etc.","Check out this site on using natural herbs for sleep problem: http://www.christopherhobbs.com/lib...alth/herbs-and-natural-remedies-for-insomnia/ Prednisone treatment: Since your tinnitus is so new and may be related to acoustic trauma, you may want to get your doctor/ENT to prescribe a course of prednisone or other corticosteroids.",masking (masking),pos,yes
post-116205,(And the very last thing she needed was the TRT that she came to me for originally!),"OK, so what does all this have to do with Geo?","Well Geo, who lives all the way on the other side of the country, is obviously suffering greatly.",trt (tinnintus retraining therapy),neu,no
post-73240,She also told me that kind of super hearing is gone at 20 the latest and I am 26 so she thinks it's something else but I will give this a try it sure seems better than the soundcure.,I will let you know.,,soundcure (soundcure),neg,yes
post-219022,Any other shared experiences using Melatonin would be appreciated.,Steve,,melatonin (melatonin),neu,no
post-148389,I don't know if Trobalt did much (after one hour now).,I cannot really differentiate between a high-pitched buzzing head of 10/10 and 9/10 or 8/10.,Also 200 mg is probably not enough for this.,trobalt (retigabine),neu,yes
post-168407,"How long were you taking Trobalt, how long have you been off it and has the VS subsided anything at all during this time?",I was happy to have Trobalt in my life but sadly it was the opposite.,Weird that there aren't any reports about this other than double vision.,trobalt (retigabine),neg,yes
post-174721,I have read about Prednisone being taken for Menieres symptoms to and helps to calm them down.,Are these safe to take?,As I wonder if its something I could ask to try.,prednisone (steroids),neu,no
post-227617,@Pleasure_Paulie  how long did you try memantine?,Single shot or 2 weeks?,which dose?,memantine (namenda),neu,no
post-162921,TRT is a heap of dogshit.,I've ever seen TRT clinicians directing people away from the AM-101.,Auris-Medical had contact this TRT clinic as well.,trt (tinnintus retraining therapy),neg,yes
post-106770,"Along the way, managed Tinnitus with sleep meds and masking (Trazodone & Lunesta).",Initially tried Xanax.,Cut Tinnitus in half but the wearoff was awful and Tinnitus raged.,masking (masking),neu,yes
post-208243,"Also, I have gotten off of Ginkgo Biloba for the past couple of weeks (I have ordered my second batch) since I have not received my new shipment.","Although I have spoken about how I personally feel that Ginkgo did in fact have positive benefits for me, I have maintained a pretty good diet so far.",That includes eating about 1 meal a day of salad with no dressing.,ginkgo (ginkgo) | biloba (ginkgo),pos,yes
post-159232,"So no masking with TV, car noise, music, etc.","Since it is very high-pitched for me (around 15 kHz or higher), I can only partly mask with cricket sounds.","But here I also have to set them loud, so it is just another annoyance.",masking (masking),neg,yes
post-187187,"I'm not recommending it, but looking through the thread some claimed it reduced their T even further while on trobalt.",,,trobalt (retigabine),neu,yes
post-28665,I rather skip the Ginkgo if it seems it does not help and replace with <20mg of Niacin.,Maybe have a couple of days off the Gingko before starting the Niacin.,,ginkgo (ginkgo),neg,yes
post-68881,"For the record, I do happen to take vit D3 and magnesium daily, and they don't seem to have any affect on my tinnitus.",,,magnesium (magnesium),neg,yes
post-107516,I've personally had no side-effects from keppra and just drunkenness from trobalt.,Hope that helps.,,trobalt (retigabine),neu,yes
post-2501,"I can't speak for everyone, but I suspect that if you put your masking track on, and then ""test"" yourself (can I still hear it?)",you'll always hear it.,"Your brain is extremely good at paying attention to things that worry it, and at this early stage, you are very worried about it.",masking (masking),neu,yes
post-63227,"If it's not TMJ related, i might ask the ENT for Trobalt, but for some weird reason i just think he won't prescribe it to me..","I don't know how well known Trobalt is in Denmark, even tho i know it can be bought.",".. On the other hand, it could be noise induced T. - i've always been a bit of a party guy D) and went to several festivals and concerts at the front of the pit... but can noise induced T. come a week or 2 after exposure to high sound?",trobalt (retigabine),neu,no
post-127282,"""If these larger clinical trials replicate efficacy of rTMS that has been demonstrated in the present study, then steps should be taken to implement the procedure as a clinical treatment for chronic tinnitus.""","Somewhat surprisingly, a study published last year found that women who consume more caffeine are less likely to have tinnitus.",http://www.medicalnewstoday.com/articles/296828.php,rtms (transcranial stimulation),neu,no
post-116662,I'm thinking of doing that notched therapy but just don't know if it'll be money down the drain...,,,notched (notched music therapy),neu,yes
post-171878,"3) If you have computer and speakers, you can try these excellent masking sounds: TT's audio player: https://www.tinnitustalk.com/audioplayer/ or download free sound generator ‘aire freshener’: http://www.peterhirschberg.com/mysoftware.html or make your own rain sound: http://mynoise.net/NoiseMachines/rainNoiseGenerator.php or search youtube with words like 'tinnitus masking sounds', 'white noise', 'rain sound' etc.",,,masking (masking),neu,no
post-79145,Cost: TRT trainers typically recommend that a professional sound-generating device similar to a hearing aid be worn 24/7.,"These devices are quite expensive, often costing upwards of $2000.",My personal experience is that patients can enrich their own environments with pleasing sound just as effectively and for far less money.,trt (tinnintus retraining therapy),neu,no
post-82167,There must be something to habituation as they are not all downing loads of Trobalt or Xanax (well maybe on the xanax thing but not as likely).,,,trobalt (retigabine),neu,no
post-108882,"With that said, if we are concerned with helping the 9s and 10s now, why not recommend CBT, which has ostensibly a stronger current recommendation from Cochrane than TRT currently does?",,,trt (tinnintus retraining therapy) | cbt (cognitive behavioural therapy),neu,no
post-124596,and he referred me for CBT.,He also gave me Ambien for 10 days so I could get some sleep.,"After that, I just kept putting one foot in front of the other--going to therapy, attending an anxiety workshop, taking the meds and doing relaxation exercises.",cbt (cognitive behavioural therapy),neu,no
post-139883,(Am101 only allows people who've had it no more than 3 months).,I was having a good morning.,Tinnitus was the same but I wasn't bothering me.,am101 (am101),pos,yes
post-178667,I have read that there is a 2 percent chance to get T from using Lexapro.,I would not let my son take that chance.,We'll have to find something else.,lexapro (antidepressant),neg,yes
post-71271,"[Let's ignore ""acute tinnitus"" and AM-101, corticosteroids, etc.",for now]...BUT THERE NEEDS TO BE A HUGE WARNING THERE WHENEVER THAT IS SAID!!!,And this warning for the most part is never there and it bugs the hell out of me...It's insulting and dangerous.,am101 (am101),neg,yes
post-35815,"Studies by Partheniadis-Stumpf, Wedel (placebo-controlled), Mirz, Nakashima, and Teggi separately concluded LLLT failed to treat tinnitus.",A review of randomized controlled clinical trials of LLLT and other alternative therapies to treat tinnitus by Meehan found no difference between laser and placebo.,"In Textbook of Tinnitus,Dr.",lllt (lllt),neg,yes
post-14404,"From my own experience about what you listed, I can say that I agree with you about the Lexapro.",I started taking Lexapro to deal with anxiety surrounding my own tinnitus flare up.,"Sometimes I think the Lexapro makes the tinnitus a little more shrill, but that's a bit of a trade off that I can deal with if it helps me to not concentrate on it and freak out about it so much.",lexapro (antidepressant),neu,yes
post-2727,"Hi, Erik and Calin,   I used to take Natural Calm magnesium powder (magnesium citrate), but recently changed over to ALTA Health Products magnesium chloride tablets.","I was only taking one tablet at night (520 mg), until my chiro suggested I wasn't taking enough.","So, these past few days, I've upped my dose to two to three tablets of the magnesium chloride (taken before bedtime), and I believe it has made a difference in my tinnitus and, in my case, the nervousness/shakiness/restless legs that have accompanied my pulsating tinnitus.",magnesium (magnesium),pos,yes
post-4104,Tinn Man - Congratulations on completing 18 months of TRT!,"I bought my maskers from my audiologist in Highland Park, Illinois.",I'm sure that any audiologist can buy these maskers.,trt (tinnintus retraining therapy),neu,no
post-79811,It did charge me up a bit and sleep was an issue even with remeron and gabapentin.,I feel like a test tube on the verge of cracking.,,remeron (antidepressant) | gabapentin (gabapentin),neg,yes
post-10545,"Basically, AudioNotch is a simple interface for creating notched music/white noise files.","It all can be done manually, too, for free, if one so wants.","I do think AudioNotch is priced quite high for what it does, but then again... it's far from the hundreds of snake oils there are out there for tinnitus.",notched (notched music therapy) | audionotch (notched music therapy),neu,no
post-26682,"On the other hand, the anxiety is worse so a little masking comes in handy.","I've also opted to wear my earbuds with white noise (violet actually) playing low in loud places, like the grocery store.",If nothing else so I won't further worry about the loud noises causing more damage.,masking (masking),pos,yes
post-90064,"And if you are bound and determined to give LLLT a try (as seems to be the case), then if the cheaper device does not work, eventually you are going to shell out the additional money to try Dr. Wilden's device if not actually visit him in his clinic.","Not saying that Dr. Wilden's device is necessarily going to do the trick for you; just saying that if Dr. Wilden's device doesn't, I assume you'll totally rule out LLLT in your search for relief.",So the real question comes down to how likely is it that you will get the desired result from the cheaper device.,lllt (lllt),neu,no
post-233977,So a week or so ago I began an HBOT treatment that is roughly 4 times a week for what will eventually be 20 dives.,I'm 5 dives in and I understand we'll be at 1.75 Atmospheres for the whole series of treatments.,"I've had a number of health benefits already, but the first one I noticed was the tinnitus decreasing dramatically.",hbot (hyperbaric oxygen therapy),pos,yes
post-88441,"I think what people might be getting at is that if you don't have an opinion on how LLLT affects hearing, then it lessens the value of any thoughts you might have about LLLT for tinnitus.","Again, the idea is that if LLLT improves hearing or repairs hair cells, that gives credence to the possibility that it could improve tinnitus since tinnitus is often the result of damaged hearing.",Of course I'm extremely skeptical that it works effectively for either one of those.,lllt (lllt),neg,yes
post-64416,"Progress Report Progress Report Date:  Sep 11, 2014 Current Retigabine Dosage:  800mg a day Current Side Effects:  tiredness Current Tinnitus Severity:  1 out of 10 Changes in Tinnitus:  My tinnitus basically doesn't exist.",I still considered myself as having tinnitus after 1 month on the drug.,"After two months in though, I can't hear my tinnitus even when looking for it.",retigabine (retigabine),pos,yes
post-34189,"Hell, if all else fails you could look into checking out the recently started AM-101 trial.",You'd be a perfect candidate for it and I wish it had been around when I first got tinnitus!,I'm 27 though... and I've had it since I was 17.,am101 (am101),pos,no
post-3224,"I mean, what is a difference between those maskers and an mp3 player with white noise?","I know cheap headphones might not be able to reproduce high-freq sounds, but if you get some quality ones, what difference is there?",I'm curious.,maskers (masking),neg,no
post-101641,"Place it on you bed and bingo, off to sleep with comforting, masking sounds.","Since you can walk and it doesn't bother you, good!",it's not that bad.,masking (masking),pos,no
post-49176,"@Savin Abram Magnesium can't hurt, but if your tinnitus is caused by ototoxicity, you'll better want to take NAC supplement, at least 600 day, better if you do 1200mg.",It has been used toprotect ears from chemo drugs and others.,"If you T is recent, what you need is anything that can clear oxidative substances of your ears.",nac (nacetylcysteine) | magnesium (magnesium),pos,no
post-116826,"When I wrote my suicide note,  it was because I just had enough of living with tinnitus, it was too hard...I had tears flowing and I just couldn't handle the strain this was putting on me emotionally and physically, I knew right then and there, my life was coming to a close, but I found out about trobalt and hope came and trobalt saved me.","I know trobalt has a bad rep, but it is a last line treatment.",In that moment it was my last line.,trobalt (retigabine),pos,yes
post-84779,How can you establish the real effect of the AM-101 in that case?,"Also, I have seen some reports of T lowering as a result of time (especially early after onset).",The study results also reported some improvement from the placebo group.,am101 (am101),pos,no
post-2718,"I already take calcium and magnesium combo, so this will be on top of that I think.",Or I could just rub the magnesium oil on my skin for better absorption.,I do have the signs of deficiency at times so this will only make me better!,magnesium (magnesium),neu,no
post-147252,I went for acupuncture today but 1 session won't cut it.,Its deafening,,acupuncture (acupuncture),neu,yes
post-223802,I think audiology could help you with maskers and a little bit of talking therapy to let emotions  out and help you cope better.,Time is a great healer so try to relax and nice outdoor walks when you can to help you.,Chin up duck we are all thinking of you....lots of love glynis,maskers (masking),neu,no
post-55208,So maskers are good.,I'm optimistic for this.,,maskers (masking),pos,no
post-69075,"I slowly tend to believe that autifony will have the solution with the most impact, oral drugs so does trobalt etc show.",All needle stuff is only effective when done within time to eliminate the cochlear aspect.,,trobalt (retigabine),neu,no
post-250333,"I've tried magnesium with other tic and spasm problems with success, but it hasn't helped my ear problem I i.","So perhaps my ear problem is less a spasm problem, and more a neurological one.","Try taking either magnesium citrate or aspartate, balanced with calcium (to avoid the laxative effect of the magnesium).",magnesium (magnesium),neg,yes
post-106500,"you are thinking to commit suicide you are not ""down for"" am-101, trobalt and others What is wrong with you?",you are insane if you kill yourself before trying all the options?!,"honestly... if you are scared of small safe harmless intratympanic injection, you will NEVER kill yourself.",trobalt (retigabine) | am101 (am101),neu,no
post-112737,"Alright, time for an update Day 3 Dosage: 60mg prednisone / morning 3x16mg betaserc 2x25mg stugeron Tinnitus level dropped from 7-8/10 to 4-5 / 10  Good improvement in the ability of masking it.",The volume dropped down to around 20dB from 35dB.,Will continue on the same medication schedule for the coming 7days but the prednisone dosgae will go down to 40mg after the 5th day.,stugeron (cinnarizine) | masking (masking) | prednisone (steroids) | betaserc (betahistine),pos,yes
post-137078,"In my case, trobalt helped get rid of the amplification of hyperacusis, but did not stop the aversion to sounds nor the reactiveness.",Keppra however got rid of the reactiveness and the aversion to sounds.,,trobalt (retigabine),neu,yes
post-235650,I kind of wish I had taken that anti-depressant to start with before I ever got tinnitus.,I think it is much better than SSRI's.,"The only other ""bad"" effect it had on me was it caused me to be very hungry.",antidepressant (antidepressant),pos,yes
post-79298,Hey I found a good mechanism of action statement - Retigabine is thought to work mainly by opening potassium channels that are found on the nerve cells.,This action helps to stabilise the resting electrical activity in the nerves.,It reduces the chances of a burst in electrical activity that can result in a seizure [or tinnitus].,retigabine (retigabine),pos,no
post-17717,"In high doses you get very nasty movement disorders, which does not happen with mirtazapine or Lyrica.",But however Seroquel is highly useful in small doses.,"Seroquel will also cause you to get diabetes, which is another reason I don't like it.",mirtazapine (antidepressant) | lyrica (pregabalin),pos,no
post-161887,Just whatever I could find to mask it or temporarily lower it and kickstart the Prednisone.,It worked.,,prednisone (steroids),pos,yes
post-206919,"It was treated by wearing white noise generators WNG as part of TRT (Tinnitus retraining therapy) That was many years ago and the hyperacusis, sensitivity to sound is completely cured.",Michael,,retraining (tinnintus retraining therapy) | trt (tinnintus retraining therapy),pos,yes
post-225449,He's ordered the Lucky Laser and is starting a treatment plan with the help of Zazzio.,,,laser (lllt),neu,no
post-92198,IV lidocaine.,Dopamine agonists.,Neurontin.,lidocaine (lidocaine),neu,no
post-192894,I will try to follow exactly the same procedure except starting the laser an listen what happens.,"Also it is my experience in everyday life, my tinnitus gets noticeable after the level increased.",So thinking about tinnitus when it is at a low level does not appear to influence my tinnitus.,laser (lllt),neg,yes
post-49419,"So @nills, you received one shot of am-101 in what dosage?",Did your Tinnitus come from noise trauma?,How many month's in did you get the shot of am-101?,am101 (am101),neu,no
post-149107,"Meantime, has anybody had any success using techniques like acoustic neuromodulation or on ketonic diet to boost the brain's potassium channels?",Thanks,,neuromodulation (neuromodulation),neu,yes
post-144311,"Among others, zinc,106 melatonin,75 lidocaine,107 botulinum toxin,108 antioxidants minerals, vitamins, ginkgo biloba, and other herbal remedies,109 have been considered in the treatment of tinnitus.","Indeed, psychological (eg, cognitive behavioral therapy) and retraining approaches have been suggested repeatedly as preferred integrative or stand-alone treatments.110 However, psychopharmacological agents are often considered choices as well, although it is difficult to assess their efficacy.","In fact, major limits influence the validity of available literature evidence.",ginkgo (ginkgo) | biloba (ginkgo),neu,yes
post-85207,I can't find easy the retigabine where can i get this powder of retigabine ?,One chinese from alibaba want 1200$ for 100g more expensive than trobalt but can give me without prescriptions/collisions.Also quality is chinese so there is a risk.,Do you know some valuable seller to buy in good price whithout prescriptions and collisions ?,retigabine (retigabine),neu,no
post-5464,These antidepressants take a while to kick in.,They will help you get sleep.,Lack of sleep is a major factor that I had at first.,antidepressants (antidepressant),pos,yes
post-9570,"Grant1, I am glad you returned your SoundCure, the name sounded too good to be true.",Have you tried a MP3 player for white noise & nature sounds etc.,?,soundcure (soundcure),neu,no
post-59553,"Then you'll be habituating,  then soon as you come off the antidepressants,  you'll feel like you Neen them to cope with the tinnitus.",Then your habituation will take a few steps backwards.,,antidepressants (antidepressant),neg,yes
post-156502,"Compared to Trobalt, ""Twinkies"" may be more harmful to your health than this stuff.","Well, as usual, not everyone is created equally and treat accordingly.",Ummmm... OK think that's about it for my Keppra 101.,trobalt (retigabine),neu,no
post-104451,Quote from vns patent Etc But mutebutton even mention any form of nerve stimulus could work etc and mention vns Essentiall to repeat a point ... All forcing plasticity.,This is why these guys need to work together.,I would assume the noise and heavy accupunture... Aka nerve trauma forced stimulus could also help or gaba induced drugs or hallucigens.,mutebutton (mutebutton),neu,no
post-128329,I want to rule out any other type of therapeutic affect Prednisone may have that may account for the reduced T.  This is great news and I thank you for this information.,,,prednisone (steroids),pos,no
post-97376,I would not recommend Neuromonics to anyone.,"Knowing that I was scheduled for brain surgery in three weeks, he told me that he had no empathy for me.",He also said that if they refunded money they would go bankrupt.,neuromonics (neuromonics),neg,yes
post-26708,"I was on cymbalta lowest dose 30mg per day for 1,5 years.","I waived it off within a month, sadly there is no smaller doses to go to and i couldn't take it every other day right away, so basically i split it.",Its definitely not recommended but i went smt like this.,cymbalta (antidepressant),neu,yes
post-137774,"TT has this excellent support thread which besides giving you some excellent masking sounds with an audio player, it also contains tips and step by step instructions for newer sufferers.","effects on depression, disability, and tinnitus symptoms.","The more you learn about T, the less you will be fearful of it and the easier for the brain to stay calm.",masking (masking),pos,yes
post-167665,I will also get cbt.,Do you think it will help?,I'm struggling with depression and anxiety and can't cope,cbt (cognitive behavioural therapy),neu,no
post-170837,Looking at the principle of the neuromodulator it did not look too far fetched to me.,The weird thing is that insurers in the Netherlands will pay for TRT.,As far as I know there is no clinical prove that TRT works.,neuromodulator (neuromodulation),neg,yes
post-84974,"So, tinnitus remains, though masking could help.",,,masking (masking),pos,no
post-81393,"Was on Niacin and Lipo-Flavonoid for about 3 weeks and honestly, it wasn't doing a thing and I didn't want to wait 6 months for the Lipo-Flavonoid to work because I feel it won't do a thing.",I also didn't like what I was reading about the side effects of Niacin.,"At this point, I listen to T sounds on YouTube when on the computer (which helps) and when I go out of the house shopping, to the mall, to Starbucks, CVS, anywhere there are people and distractions, I actually don't hear the noise in my head (and I have mild T with hearing loss on the high frequency range) but in the morning when I get up and it's only me in the house (after my husband has left for work), the noise is bothersome - I run the faucet when getting dressed, put on the radio anything to mask the noise.",lipoflavonoid (lipoflavonoid),pos,yes
post-99207,@Steve H I posted that last reply before I remembered to ask you what was the ANM trial?,How long did your worsening tinnitus and horrendous hyperacusis last?,What did you do about it?,anm (neuromodulation),neg,no
post-87740,The above summary gives a good indication of all the beneficial aspects of laser therapy.,One aspect that has not yet been addressed is the intravenous laser seems to be a significant stimulator of a potent stem cell in the blood.,This stem cell is a number of different names.,laser (lllt),pos,no
post-122927,"I have the impression Trobalt does something, but I don't know.",100 mg is probably much too low.,Let's hope AUT00063 and SF00034 will do the magic for us.,trobalt (retigabine),neu,yes
post-39437,"If you do get HBOT, it needs to be done under the supervision of a board certified otologist.",Anyone else will not have an appreciation for the risks involved in putting an at-risk cochlea under high pressure.,Approach this therapy with extreme caution!,hbot (hyperbaric oxygen therapy),neu,yes
post-55108,You can eat bananas (magnesium) and cherries (melatonin).,You can drink some chamomile.,"Also, having some (zolpidem based) pills next to your bed won't hurt much.",melatonin (melatonin) | magnesium (magnesium),neu,yes
post-196184,And if all else fails I will try TRT.,"And keep waiting for science to finally invent a (partial) cure of course, though I know that will likely take several more years at the very least..",,,neu,yes
post-3052,wtf   It's my third day on Betaserc 24mg + Piracetam 1200mg.,I take them twice a day.,"Maybe it's all in my head (pun intended), but the noise seems to have subsided a little bit.",betaserc (betahistine),neg,yes
post-93901,"As a good sign, Autifony is not going to the stock markets, wich at leasts tells me is not a fraud market operation and they believe in their product so not selling part of it, as happened with AM101",,,am101 (am101),neu,no
post-187283,This researcher just figured out why and how LLLT would work on the nervous system without even being aware of LLLT.,For this exact reason university's are creating multidisciplinary studies around the world so that absolutely crucial research gets linked.,"Microstructure research in animals is not quite like substance research, nerves are nerves, they all function in the much the same way because there's only one law of nature and we have common ancestry.",lllt (lllt),neu,no
post-222558,"There is no TRT available in the North Pole where he lives, but he doesn't even know if that would even work.","Legend has it that if you leave Ginkgo Biloba out overnight on Christmas Eve, you may wake up and see Santinnitus Clause hanging over your fireplace, or collapsed under your Christmas Tree.",Good thing I don't have a fireplace or christmas tree.,trt (tinnintus retraining therapy),neu,no
post-14901,"If you have the resources to do HBOT, I HIGHLY recommend it.",The difference from how i'm feeling pre HBOT to post HBOT is tremendous.,,hbot (hyperbaric oxygen therapy),pos,yes
post-225463,"I just give up, none of these issues are curable, and if they were I've finished the job with HBOT (didn't know oxygen was toxic to me in this situation), how can I find the will to live, with no music, lost ALL my interests, career is now over, and trying to cope alone...is there a painless way out?","I wake up everyday now just thinking I need to do this, to exit, I LOVED LIFE, so it's impossible... My TINNITUS is also like a constant reminder of what an idiot I am falling into this HELL  If you had to say this is the END, how would you go?",I'm thinking train but haven't got the guts,hbot (hyperbaric oxygen therapy),neg,yes
post-68303,"Here is the thread: https://www.tinnitustalk.com/thread...dexamethasone-others-oral-and-injections.348/ I will post soon about my experiences, as I've gotten medrol injections 8 months after the onset and it helped a lot for me.",,,medrol (steroids),pos,yes
post-163041,"I had a direct injection and a tapered 8 day course of Prednisone, two weeks after my SSHL and initially my T was silenced, but after that, my T came back and my hearing was still gone.",I even had an intratympanic injection of cortiosteroids done and it did zip to restore any hearing.,,prednisone (steroids),neg,yes
post-138868,is this cbd oil cheap?,"http://www.zamnesia.com/359-cbd-oil  Its on the site where Rick hit his head and got T, wonder if they deliver to Canada.","I sent them a email, waiting for them to respond",cbd (cannabis),neu,no
post-31475,"even with the Zoloft in your system, it sounds like you are still getting panicky in the middle of the night, and that panic can make your tinnitus even worse.",,,am101 (am101),neu,no
post-178083,Have you tried a masker?,"I use it everywhere, although most of the time I am by myself, when I have to see people, I explain to them that I am not listening to music, but a low-level noise to cover or mix with the noise in my ears.",I avoid silence.,masker (masking),pos,yes
post-67618,TRT is but one of them.,Good thing to keep in mind.,Dr. Stephen Nagler,trt (tinnintus retraining therapy),pos,yes
post-220760,Some people ask for a steroid (Prednisone) as it may help.,"However, taking steroids has side effects.",A question for the doctor for sure.,prednisone (steroids),neg,yes
post-166957,Shall I get some in-ear tinnitus masking devices ?,"I cannot live with myself if this is permanent, I'd take even a 50-60% reduction at this stage.","I'm 19 years old and last night my heart was pounding because my silence is robbed, I dread the evenings knowing how difficult sleep has become, my anxiety has been through the roof and I desperately need some hope this will resolve.",masking (masking),neu,no
post-184049,Trobalt can't cause T,,,trobalt (retigabine),neu,no
post-20140,"I have taken Ginkgo, and just about every supplement that has been mentioned on this forum with no results.","Also Benzo drugs like Xanex, Klonopin, etc.",with no reduction in T. These drugs only help lower your awareness of T thus a perceived lowering of the volume.,ginkgo (ginkgo),neg,yes
post-64207,"We can offer pure retigabine for you, purity 99% for 1kg price USD16500 including delivery fee to you USD8700 for 500gram USD5000 for 250gram USD3000 for 100gram USD120 for 1 gram sample delivery fee time after fee paid 1-2 weeks will be ship ship time : about 1 week ship to you .",,,retigabine (retigabine),neu,no
post-222971,And it's safe There is a LLLT thread in the experimental section .,Dont waste time LLLT does not work well after too much time has passed.,,lllt (lllt),pos,yes
post-153327,Current Tinnitus Severity:  3 out of 10 Changes in Tinnitus:  At this moment when i am under trobalt it is this lvl.,I got new worsening of tinnitus to lvl 13. that is 8th worsening in last 2 years.,"I am person who think in 6 directions and i suppose my brain makes stress and therefore my t get worse + 3x meds, paracetamol and corticosteroid injection) .",trobalt (retigabine),neu,yes
post-86289,Would you consider doing TRT?,,,trt (tinnintus retraining therapy),neu,no
post-5134,The hearing aid amplifies the hearing frequencies you may have lost and the noise generator helps make your tinnitus less noticeable with masking.,,,masking (masking),pos,yes
post-26085,The lidocaine shuts down abbherent neuron function and allows for an opportunity to reset the auditory communication path ways should the dexamethosone have a positive effect on the targeted lesion.,In cases where dexamethosone reaches the lesion in the early stages of tinnitus it is very effective at ameliorating the malady.,As time passes the lesion becomes more permanent and less receptive to repair/reversal.,lidocaine (lidocaine),pos,yes
post-177422,"I've been prescribed oral steroids 25mg for a week, skin condition, but as usual, scared to take them.",When I asked dr if they can make t worse he said I'm very negative about my t and that only loud noise and hearing loss make t worse This is the sort of ignorance I deal with here in Australia!,So it laughable when somebody say: you need to check with your dr!,steroids (steroids),neg,yes
post-2839,"And, as you say, the enzymes may make the magnesium even more effective.",The combination seems to be a good one.,I'm continuing to take 3 enzyme capsules per day; that works for me right now.,magnesium (magnesium),pos,yes
post-84851,"In my opinion Retigabine will ultimately be found to have no pharmacological efficacy whatsoever against tinnitus - but pursuing Retigabine research is important to many in the Tinnitus Talk community, which makes it important to me.",Dr. Stephen Nagler,,retigabine (retigabine),neu,yes
post-16291,"It's available online at Chinese herbal Medicine site, but I didnt buy online, once I ran out of it I started drinking camomile tea and yes magnesium Supplements at bedtime.","I have an air purifier running in my room too, for sleeping.",I live now at a small remote town in Canada  Where I wouldn't find any Chinese herbal stuff !,magnesium (magnesium),neu,no
post-72264,"I'm hoping treatments will come out within the next 5 years, because getting trobalt is impossible...",,,trobalt (retigabine),neu,no
post-69472,"@bwspot, perhaps look at it this way ... TRT is of course nowhere near as serious as, say, open heart surgery.",But the analogy still holds.,You can read a book about the principles of open heart surgery.,trt (tinnintus retraining therapy),neu,no
post-170759,"So again , if your expectations are to get a 20% improvement of hearing loss then yes it may work - if you expect to be cured from  tinnitus then obviousely you haven't figured out how LLLT works and its limitations .",,,lllt (lllt),neu,yes
post-1750,As with the laser - the very cheapest acupuncture pens are poor quality and not worth buying.,Obviously It would be good if we could gather together a few more reports - I would be very interested to hear if anyone else is using these devices and whether they are getting results similar to mine.,,laser (lllt) | acupuncture (acupuncture),neg,yes
post-44776,"This may be a shot in the dark, but I was wondering if anyone out there is aware of a reputable TRT program in Orange County, CA?",Maybe even in Los Angeles?,It would be ideal to have a little bit of feedback from fellow patients before looking into/investing in any kind of treatment.,trt (tinnintus retraining therapy),neu,no
post-83680,The advice about steroids is also very questionable.,,,steroids (steroids),neg,no
post-134199,A randomized trial of nortriptyline for severe chronic tinnitus.,"Effects on depression, disability, and tinnitus symptoms.","Sullivan M1, Katon W, Russo J, Dobie R, Sakai C. Author information Abstract OBJECTIVE: To determine whether the antidepressant, nortriptyline, is effective for treatment of depression, tinnitus-related disability, and tinnitus symptoms in patients with severe chronic tinnitus.",nortriptyline (antidepressant),neu,no
post-158717,"I only take Remeron 7,5 mg at night, but that's nearly nothing.","At the moment, I try coping with a strong will, exercising, masking and from time to time a Trobalt or a Lorazepam.",Some days ago I took 200 mg Trobalt.,remeron (antidepressant),neu,no
post-149760,Did this happen with a lowe dose of gabapentin?,I woke up early with really loud T. Did gabapentin ever decraease your T by itselt?,"I became upset and took Trobalt 300 mg, listend to music with my earplugs and my T came down to o then went up to to 2.",gabapentin (gabapentin),neu,yes
post-230297,"I was wondering, I know that prednisone and salt are both NOT ototoxic, but is it possible that the two together in the blood stream could have cause some kind of chemical reaction, with the extra salt at dinner making the prednisone ototoxic ?","and got into my ears some how, and cause a problem or a spike ?","I know not likely, but is it a possible ?",prednisone (steroids),neu,no
post-22730,"Celexa is a big no no, I copied a link for you to check out   Arches Tinnitus Formula |   Ototoxicity: Medications that Cause Tinnitus I'm sure your doctor could be able to prescribe a non ototoxic (ear damaging) medication.",Get a Doctor and overrule him by asking for auditory test etc.,Your not crazy we've all got the T in some shape or form it's how you deal with it.,celexa (antidepressant),neg,yes
post-211922,"@Michael Leigh in this thread on TRT you have 13 posts alone...    ...and you have used the word TRT in no fewer than 117 posts alone at this point:    Do you have a ""hidden agenda""?",,,trt (tinnintus retraining therapy),neu,no
post-242169,I've heard that Prednisone if taken within a certain amount of time can help if it is acoustically related.,Would this be worth going into an urgent care tomorrow morning?,My ears have been acting up all week and I have an ENT appointment on Friday since the spray isn't helping much.,prednisone (steroids),neu,no
post-137740,"Stress-induced, I am also on Mirtazapine - for depression and anxiety Though 45mg - o i sleep very well indeed.",i am worriedhow \i will get to sleep when i eventually come off the meds...!,I listen to the radio to fall asleep to.,mirtazapine (antidepressant),pos,yes
post-198110,As far as the vitamins I am currently taking magnesium which I just started up and a prenatal vitamin .,I'll have to research additional vitamins because I am breastfeeding as far as which are save to consume.,"Also, I am going to ask about TRT when I see the audiologist as I have been struggling with feeling down lately .",magnesium (magnesium),neu,yes
post-197570,#NAME?,:  yes - since when: 1 week - results: none - other medication/treatments used: various supplements - other relevant remarks: have had mild T (2-3) 10 years ago which subsided completely (!),after about 12 month.,lllt (lllt),neu,yes
post-247549,Could my tinnitus be caused by Wellbutrin and Abilify?,I quit Wellbutrin for 5 weeks after I heard the ringing and my Abilify since 2 days.,Is there hope?,wellbutrin (antidepressant) | abilify (aripiprazole),neu,no
post-210721,"However, such a positive effect could not be demonstrated using other Ginkgo extracts [37].""","https://www.ncbi.nlm.nih.gov/pmc/articles/PMC4912078/ So if anyone's gonna try ginkgo, I think it's better to try egb 761.","In North America, it's only available by nature's way.",ginkgo (ginkgo),neg,yes
post-231200,"I have noticed that when I use certain masking sounds - like 'wind chimes' from a particular app, it kind of resonates with my left ear's T and after listening for a while, it can even settle a spike in that ear.","I have different T frequencies in my left and right ear, and this sound doesn't do the same for my right ear.","I don't know if over time it can help me cure T, but since I need masking (when trying to sleep), I will continue to listen to 'wind chimes', since it seems to soothe my T a bit.",masking (masking),pos,yes
post-45226,"If im going to be in a nerve racking situation, I will take a klonopin so i agree with you.. Theres nothing wrong with it.",,,klonopin (clonazepan),pos,yes
post-57447,"I don't see a place for am101 when we have other companies trying to achieve better, more easier treatments.",,,am101 (am101),neg,yes
post-243633,"Hi, I'm new and wondering how it's going with the T. Have you gone back for a repeat of the acupuncture?","My T might be due to head trauma, I'm not sure.",First stop for me will be ENT but first available appointment is May 1 :-( .,acupuncture (acupuncture),neu,no
post-141259,Trobalt neurontin or trobalt ibuprofen ?,"I would stay well away from ibuprofen and diclofenac , pretty much to only thing I can absolutely count on spiking my T.",,neurontin (gabapentin) | trobalt (retigabine),pos,no
post-100801,"Cat's Claw is promising because it has anti-inflammatory properties similar to prednisone, along with pro-immune system enhancements, without the adrenal perils and side effects that  prednisone offers.","So I am cautiously optimistic, but trying not to have expectations too high.",The medically-accepted approach to dealing with this sort of condition is to correct the underlying physical condition that is causing the aggravation to begin with.,prednisone (steroids),neu,no
post-73517,Will I make better results if I take NAC?,I'm scheduling 10 treatments.,,nac (nacetylcysteine),neu,no
post-249743,Also i could fall asleep yesterday without any masking sounds.,"I hope, that will give u some hopeful thoughts.","also i could hear the sound over everything, it was like the sound was sliding above the background sound.",masking (masking),pos,yes
post-7544,"RESULTS: A significant reduction in the VAS (loudness and annoyance) occurred immediately after rTMS, with a gradual return to pretreatment levels after 7 days.",The tinnitus patients with sudden deafness were significant resistant to rTMS treatment compared with those diagnosed with age-related hearing loss.,CONCLUSION: These results support the potential of rTMS as a new therapeutic tool for the treatment of chronic tinnitus.,rtms (transcranial stimulation),neu,no
post-215619,But the steroids didn't help me and the tinnitus cerntainly remains.,"After a lot of searching, I could made an appointment with a Doc who is supposedly the expert in the matter in Argentina.",I had to wait two months for the appointment and I will have to pay a money I don't know if i have.,steroids (steroids),neg,yes
post-73391,"Ok, from now i have complete set of trobalt boxes - 2x 200mgx84 and 2x 100mgx84.",I can continue with this experiment,,trobalt (retigabine),neu,no
post-228345,@SilverSpiral NAC + ALC (Acetyl-L-carnitine) before breakfast.,,,nac (nacetylcysteine),neu,no
post-220161,"I heavily doubt there is some secret sauce to any of the top ""trt"" practitioners.",If tinnitus wasn't so subjective I'd perhaps think otherwise - but reasonably all the practitioner has to work with is the subjective description of symptoms coming from someone in emotional distress.,I highly doubt that it's the most accurate information.,trt (tinnintus retraining therapy),neu,no
post-11331,"Even with the Zoloft in your system, it sounds like you are still getting panicky in the middle of the night, and that panic can make your tinnitus even worse.",Try some of her suggestions for calming down.,The tea is a very good idea!,zoloft (antidepressant),neg,yes
post-132019,CBT?,Please let us know what your thoughts are.,"There are lots of great suggestions on Tinnitus Talk for ways you can cope with tinnitus, and I'm sure you have some suggestions for other sufferers, as well.",cbt (cognitive behavioural therapy),neu,no
post-213990,I think you should check out the Hyperbaric oxygen chamber to get oxygen to your ears.,You are still in your early stages.,,hyperbaric (hyperbaric oxygen therapy),neu,no
post-147095,Wish I could have a nice hot cup of coffee to wake up most mornings   Still taking NO sleeping meds since abandoning the melatonin a week ago.,Not sure if I should resume it once the Prednisone ends after Friday.,The H seems to still be more tolerable  at most times.,melatonin (melatonin),neg,yes
post-44436,"My tinnitus reacts much like hyperacusis to loud sounds and overwork, and even well-meant masking noises can be overwork.",This post is overly long so I'll briefly relate my other discoveries.,"First, I verified last night an observation I made some time ago.",masking (masking),neg,yes
post-85816,"If its within the first two, are u then willing to use it for 1-3 years and only getting somewhat ""ok"" treatment, when u could be pretty sure u would get optimal treatment if u had just bought a tested expensive laser or done clinic treatment??","If u dont make a great laser right out of the gate, then u need to go back to the drawingboard and start over and with more time wasted.","And in this hole process, i cant imagine u have nasty T every day and then have the patience to do this with no garanties of succes.",laser (lllt),neg,no
post-158173,"My ears have been through a lot in the past month, coming off Sertraline, getting my ears irrigated, getting a URI, and then being exposed to loud noise, all in that order.","My question is, and I hope you can answer engineerLA, is which of these things caused it?",,sertraline (antidepressant),neu,no
post-247314,funny how they love to hand out antidepressants and benzos like candy though.,,,antidepressants (antidepressant),neu,no
post-143479,"Hey Marcus, it says bio magnesium on the foil n I do not know what's the strength.",Made by Pharma Nord in Denmark.,Juicing recipe :  1 beetroot with leaves  A handful of parsley half Apple seeded 2 carrot I agree fully that stress n anxiety has a close co-relation with T.  I also take a B complex (with higher b12) to help with nerve repair.,magnesium (magnesium),neu,no
post-15895,"Perhaps test Magnesium levels, too.",#NAME?,,magnesium (magnesium),neu,no
post-71504,"If u really want some one to tell u are story the heard about a guy that knew a woman whos parants had a son that maybe had a permanent worsening after LLLT, then just let me know.","I can try google a scary story for you, so u have an escape goat.",There are many ppl on this forum that had some degree of positive reaction from LLLT and the rest is just saying its a scam and does not work.,lllt (lllt),neu,no
post-111061,The only one that currently uses Kv3.1 is Retigabine?,"And, of course, the far away Autifony?",,retigabine (retigabine),neu,no
post-106245,"Take 1800 mg. NAC before you go, then 1200 mg daily for the next two days.","Its available at health food, drug stores.",Here is a TT thread about it: https://www.tinnitustalk.com/threads/n-acetylcysteine-nac.395/ Take breaks.,nac (nacetylcysteine),neu,no
post-45543,I really belive the xanax or an antidepressant will help as well and again finding the right clinician.,,,antidepressant (antidepressant),pos,yes
post-188492,"I have been more or less successful and managed to keep the devil in control by regular excercise, taking some chinese herb medicine and acupuncture.",Before that I have tried several other staff (betahistamini etc.),but nothing was successful until the chinese herb medicine and acupuncture which helped to lower the volume.,acupuncture (acupuncture),pos,yes
post-128326,They got me in right away and did injections and oral prednisone.,It was to late to have significant improvments and still have one more to go.,I feel so dumb not going to an emergency room or calling a ENT right away.,prednisone (steroids),neu,no
post-240465,I'm not sure about antidepressants...,,,antidepressants (antidepressant),neu,yes
